,precision,recall,f1-score,support
0,0.21052631578947367,0.03571428571428571,0.06106870229007634,112.0
1,0.47317073170731705,0.8660714285714286,0.61198738170347,112.0
accuracy,0.45089285714285715,0.45089285714285715,0.45089285714285715,0.45089285714285715
macro avg,0.34184852374839536,0.45089285714285715,0.33652804199677316,224.0
weighted avg,0.34184852374839536,0.45089285714285715,0.33652804199677316,224.0
